index		properties._session_referrer_host
www.baidu.com	"'www.baidu.com',"	4772
	"'',"	1941
Direct	"'Direct',"	801
m.baidu.com	"'m.baidu.com',"	644
www.sogou.com	"'www.sogou.com',"	293
wap.sogou.com	"'wap.sogou.com',"	134
m.sogou.com	"'m.sogou.com',"	112
36kr.com	"'36kr.com',"	109
www.sensorsdata.cn	"'www.sensorsdata.cn',"	102
www.google.com.hk	"'www.google.com.hk',"	83
www.google.com	"'www.google.com',"	68
link.zhihu.com	"'link.zhihu.com',"	63
www.so.com	"'www.so.com',"	49
image.baidu.com	"'image.baidu.com',"	45
googleads.g.doubleclick.net	"'googleads.g.doubleclick.net',"	38
www.woshipm.com	"'www.woshipm.com',"	27
www.google.co.jp	"'www.google.co.jp',"	19
youxuan.baidu.com	"'youxuan.baidu.com',"	18
zhidao.baidu.com	"'zhidao.baidu.com',"	18
sensorsdata.cn	"'sensorsdata.cn',"	17
wenku.baidu.com	"'wenku.baidu.com',"	16
class.sanjieke.cn	"'class.sanjieke.cn',"	16
c.tieba.baidu.com	"'c.tieba.baidu.com',"	13
so.m.sm.cn	"'so.m.sm.cn',"	11
cn.bing.com	"'cn.bing.com',"	11
www.sanjieke.cn	"'www.sanjieke.cn',"	11
www.itjuzi.com	"'www.itjuzi.com',"	10
mp.weixinbridge.com	"'mp.weixinbridge.com',"	10
passport.36kr.com	"'passport.36kr.com',"	9
wisd.sogou.com	"'wisd.sogou.com',"	9
wapbaike.baidu.com	"'wapbaike.baidu.com',"	9
cpro.baidu.com	"'cpro.baidu.com',"	9
hippter.com	"'hippter.com',"	7
www.google.com.tw	"'www.google.com.tw',"	7
open.ezrpro.com	"'open.ezrpro.com',"	6
www.google.com.ph	"'www.google.com.ph',"	6
next.36kr.com	"'next.36kr.com',"	6
a.youdao.com	"'a.youdao.com',"	5
zhishi.sogou.com	"'zhishi.sogou.com',"	5
m5.baidu.com	"'m5.baidu.com',"	5
www.tongdao.io	"'www.tongdao.io',"	5
www.qichacha.com	"'www.qichacha.com',"	5
www.digitaling.com	"'www.digitaling.com',"	5
a.mobi.sogou.com	"'a.mobi.sogou.com',"	5
hr.36kr.com	"'hr.36kr.com',"	5
ebizdemo.cloud.sensorsdata.cn	"'ebizdemo.cloud.sensorsdata.cn',"	4
www.sdk.cn	"'www.sdk.cn',"	4
www.tisiwi.com	"'www.tisiwi.com',"	4
www.daxiangrenshi.com	"'www.daxiangrenshi.com',"	4
mail.qq.com	"'mail.qq.com',"	4
www.bing.com	"'www.bing.com',"	4
www.hippter.com	"'www.hippter.com',"	3
www.oneapm.com	"'www.oneapm.com',"	3
newseed.pedaily.cn	"'newseed.pedaily.cn',"	3
segmentfault.com	"'segmentfault.com',"	3
www.ecdaohang.cn	"'www.ecdaohang.cn',"	3
www.google.co.uk	"'www.google.co.uk',"	3
www.google.fr	"'www.google.fr',"	3
www.google.nl	"'www.google.nl',"	3
sensorsdata.vipkid.com.cn	"'sensorsdata.vipkid.com.cn',"	3
blog.sanjieke.cn	"'blog.sanjieke.cn',"	3
www.google.com.au	"'www.google.com.au',"	3
developer.51cto.com	"'developer.51cto.com',"	2
www.google.com.vn	"'www.google.com.vn',"	2
rong.36kr.com	"'rong.36kr.com',"	2
tower.im	"'tower.im',"	2
dss.innotree.cn	"'dss.innotree.cn',"	2
www.199it.com	"'www.199it.com',"	2
www.google.com.sg	"'www.google.com.sg',"	2
hao.2b.cn	"'hao.2b.cn',"	2
www.linear.vc	"'www.linear.vc',"	2
shimo.im	"'shimo.im',"	2
qimingpian.com	"'qimingpian.com',"	2
www.rinterest.cn	"'www.rinterest.cn',"	2
www.jianshu.com	"'www.jianshu.com',"	2
www.jiuzhilan.com	"'www.jiuzhilan.com',"	2
chuang.36kr.com	"'chuang.36kr.com',"	2
qiye.36kr.com	"'qiye.36kr.com',"	2
pintu.corp.36kr.com	"'pintu.corp.36kr.com',"	1
datadang.com	"'datadang.com',"	1
ipv6.google.com.hk	"'ipv6.google.com.hk',"	1
wap.baidu.com	"'wap.baidu.com',"	1
qiyukf.cloud.sensorsdata.cn	"'qiyukf.cloud.sensorsdata.cn',"	1
www.google.co.kr	"'www.google.co.kr',"	1
www.appganhuo.com	"'www.appganhuo.com',"	1
sensors.fqgj.net	"'sensors.fqgj.net',"	1
www.3lian.com	"'www.3lian.com',"	1
blog.csdn.net	"'blog.csdn.net',"	1
radar.itjuzi.com	"'radar.itjuzi.com',"	1
h5.wps.cn	"'h5.wps.cn',"	1
www.qixin.com	"'www.qixin.com',"	1
www.wukongdata.com	"'www.wukongdata.com',"	1
uc.36kr.com	"'uc.36kr.com',"	1
confluence.km.co-mall	"'confluence.km.co-mall',"	1
lnkd.in	"'lnkd.in',"	1
www.tianyancha.com	"'www.tianyancha.com',"	1
www.prnasia.com	"'www.prnasia.com',"	1
www.xfz.cn	"'www.xfz.cn',"	1
huaban.com	"'huaban.com',"	1
hao.199it.com	"'hao.199it.com',"	1
tieba.baidu.com	"'tieba.baidu.com',"	1
shouce.kuchuan.com	"'shouce.kuchuan.com',"	1
dp.g.doubleclick.net	"'dp.g.doubleclick.net',"	1
ad.bytedance.net	"'ad.bytedance.net',"	1
www.mulumu.com	"'www.mulumu.com',"	1
bohui.cloud.sensorsdata.cn	"'bohui.cloud.sensorsdata.cn',"	1
duckduckgo.com	"'duckduckgo.com',"	1
ch.cloud.sensorsdata.cn	"'ch.cloud.sensorsdata.cn',"	1
sas.foneshare.cn	"'sas.foneshare.cn',"	1
uxren.cn	"'uxren.cn',"	1
www.imgeek.org	"'www.imgeek.org',"	1
www.google.co.zm	"'www.google.co.zm',"	1
yandex.ru	"'yandex.ru',"	1
wiki.sankuai.com	"'wiki.sankuai.com',"	1
www.juudian.com	"'www.juudian.com',"	1
